k,r_k_median,r_k_median_passing,fidelity_coverage,incompat_fraction
10,0.01964535914036203,0.01964535914036203,1.0,0.03492
20,0.02877850362255257,0.02877850362255257,1.0,0.06452
30,0.03459838944706116,0.03459838944706116,1.0,0.07164
50,0.0448359055205724,0.0448359055205724,1.0,0.09738
100,0.06379174195436957,0.056095306283361894,0.4465,0.05827547592385218
