{
  "startedAt": "2026-05-29T04:39:21.444553+00:00",
  "script": "scripts/pde_c1_kolmogorov_cell.py",
  "spec": "docs/proof/PDE_C1_CELLSET_KOLMOGOROV.md",
  "protocol": "docs/proof/PDE_C1_FIBER_PROTOCOL.md",
  "config": {
    "preset": "lock_v4",
    "grid_size": 32,
    "n_modes": 16,
    "k_signature": 4,
    "forcing_wavenumber": 2,
    "grashof": 200.0,
    "forcing_amplitude": 1.0,
    "viscosity": 0.07071067811865475,
    "dt": 0.01,
    "burnin_steps": 100000,
    "sample_count": 50000,
    "sample_interval_steps": 50,
    "lookahead_steps": 500,
    "n_min": 30,
    "delta_action": 0.1,
    "s_pos": 0.5,
    "delta_proxy_min": 0.01,
    "e_max_burnin_fraction": 0.25,
    "random_seed": 20260528,
    "integrator": "pseudo_spectral_vorticity_semi_implicit_euler",
    "signature_dimension": 32,
    "action_tiebreak": "no_op",
    "adjudicator": "knn-sweep",
    "k_neighbors": 30,
    "delta_incompat": 0.01
  },
  "environment": {
    "python": "3.14.4 (tags/v3.14.4:23116f9, Apr  7 2026, 14:10:54) [MSC v.1944 64 bit (AMD64)]",
    "numpy": "2.4.4",
    "platform": "win32",
    "cwd": "C:\\Users\\hughe\\Dev\\sundog"
  },
  "result": {
    "verdict": "PDE-C1-NEG-A",
    "verdict_label": "fiber_incompatibility_plateau_nonzero",
    "interpretable": true,
    "n_samples": 50000,
    "sweep_intercept": 0.04588633492746255,
    "sweep_slope": 0.5077164216966032,
    "min_incompat_fraction": 0.03492,
    "delta_incompat": 0.01,
    "delta_action": 0.1,
    "no_op_count": 34993,
    "damp_low_band_count": 15007,
    "damp_fraction": 0.30014,
    "epsilon_k_radius_threshold": 0.06260360939751715,
    "sweep_k_values": [
      10,
      20,
      30,
      50,
      100
    ],
    "sweep_incompat_fractions": [
      0.03492,
      0.06452,
      0.07164,
      0.09738,
      0.05827547592385218
    ],
    "sweep_r_k_medians": [
      0.01964535914036203,
      0.02877850362255257,
      0.03459838944706116,
      0.0448359055205724,
      0.06379174195436957
    ],
    "sweep_fidelity_coverages": [
      1.0,
      1.0,
      1.0,
      1.0,
      0.4465
    ],
    "adjudicator": "knn-sweep",
    "e_max": 0.7838423819193794,
    "epsilon_k": 0.06260360939751715,
    "h_k": 0.011066859182934562,
    "burnin_energy_min": 0.7337716359276496,
    "burnin_energy_max": 3.126298938277075,
    "burnin_energy_mean": 0.8582500353635791,
    "sample_energy_min": 0.7648763505777608,
    "sample_energy_max": 0.7842894384744158,
    "sample_energy_mean": 0.7746589957943747,
    "low_modes": [
      {
        "kx": 0,
        "ky": 1
      },
      {
        "kx": 1,
        "ky": 0
      },
      {
        "kx": 1,
        "ky": 1
      },
      {
        "kx": -1,
        "ky": 1
      },
      {
        "kx": 0,
        "ky": 2
      },
      {
        "kx": 2,
        "ky": 0
      },
      {
        "kx": 1,
        "ky": 2
      },
      {
        "kx": 2,
        "ky": 1
      },
      {
        "kx": -2,
        "ky": 1
      },
      {
        "kx": -1,
        "ky": 2
      },
      {
        "kx": 2,
        "ky": 2
      },
      {
        "kx": -2,
        "ky": 2
      },
      {
        "kx": 0,
        "ky": 3
      },
      {
        "kx": 3,
        "ky": 0
      },
      {
        "kx": 1,
        "ky": 3
      },
      {
        "kx": 3,
        "ky": 1
      }
    ],
    "elapsed_seconds": 1833.2467037999886,
    "total_steps": 2600450,
    "steps_per_second": 1418.4942989298604
  }
}
