{
  "blew_up": false,
  "n_samples": 20000,
  "n_shells": 22,
  "effective_rank_energy_weighted": 1.3611507865844326,
  "effective_rank_normalized": 1.604029226495118,
  "of_dim": 44,
  "per_shell_R2_low3": [
    -3.0366465112095247,
    -3.699600505544403,
    -4.269192631458368,
    -2.1973292961193476,
    -2.952624873836964,
    -3.0619019542263537,
    -2.9129296950963277,
    -5.249939302327835,
    -2.8265936541619836,
    -2.948377304998475,
    -2.6861930915562517,
    -3.1556688291459234,
    -5.755288907237372,
    -5.932283459390613,
    -5.188124491053747,
    -1.0812074356266521,
    -1.7945851517285563,
    -73.48704093425172,
    -64549258528.69601,
    -1.3855567885824762e+22,
    -1.2022758949639416e+31,
    -1.294443842875522e+31
  ],
  "per_shell_R2_by_K": {
    "2": [
      -3.036429296164202,
      -3.6987110593293564,
      -4.270688503053297,
      -2.1980089441212813,
      -2.9528753543913178,
      -3.0617118555226055,
      -2.9136871237230584,
      -5.249410725998778,
      -2.8275525108491832,
      -2.9483008127828176,
      -2.6869807571368503,
      -3.1554911770155947,
      -5.796310127328061,
      -5.931491828019508,
      -5.1908131035205685,
      -1.0736019650612572,
      -2.6789175964497214,
      -66.57973293134383,
      -774605748.9643034,
      -5.587827057374966e+21,
      -1.2022758949639416e+31,
      -1.294443842875522e+31
    ],
    "3": [
      -3.0366465112095247,
      -3.699600505544403,
      -4.269192631458368,
      -2.1973292961193476,
      -2.952624873836964,
      -3.0619019542263537,
      -2.9129296950963277,
      -5.249939302327835,
      -2.8265936541619836,
      -2.948377304998475,
      -2.6861930915562517,
      -3.1556688291459234,
      -5.755288907237372,
      -5.932283459390613,
      -5.188124491053747,
      -1.0812074356266521,
      -1.7945851517285563,
      -73.48704093425172,
      -64549258528.69601,
      -1.3855567885824762e+22,
      -1.2022758949639416e+31,
      -1.294443842875522e+31
    ],
    "4": [
      -3.0365399519597966,
      -3.699183479729107,
      -4.270488955775589,
      -2.1969168602098303,
      -2.9526865029541485,
      -3.06205247074409,
      -2.9131845167113113,
      -5.241966433363752,
      -2.827132241589721,
      -2.9487504026808833,
      -2.6866563089986566,
      -3.1556912266246826,
      -5.757292081238886,
      -5.931085743767417,
      -5.188510332559707,
      -1.0352284850909785,
      -4.867803856137704,
      -16189.000874960078,
      -21292228016.61034,
      -1.8931576191667195e+23,
      -1.197258116283846e+31,
      -1.294443842875522e+31
    ],
    "6": [
      -3.034580260276158,
      -3.6998226509704897,
      -4.270305431384287,
      -2.1973521654703596,
      -2.952358380728069,
      -3.061973345510354,
      -2.913254506139305,
      -5.255807832836613,
      -2.82678276480344,
      -2.948437042581207,
      -2.686772213182101,
      -3.1562015522607996,
      -5.783535742616917,
      -5.942646788473039,
      -5.186154943857753,
      -1.080820936195126,
      -2.1920977743839787,
      -179.57894562896462,
      -18694623541.26235,
      -2.4809243069512485e+23,
      -1.1966861504209562e+31,
      -1.294443842875522e+31
    ]
  },
  "k_n": [
    0.0625,
    0.125,
    0.25,
    0.5,
    1.0,
    2.0,
    4.0,
    8.0,
    16.0,
    32.0,
    64.0,
    128.0,
    256.0,
    512.0,
    1024.0,
    2048.0,
    4096.0,
    8192.0,
    16384.0,
    32768.0,
    65536.0,
    131072.0
  ],
  "energy_mean_per_shell": [
    1.0,
    3.2083316551619743e-06,
    3.257094409714773e-06,
    1.5789089591360564e-06,
    1.0320927214992001e-06,
    5.439319553210624e-07,
    4.575777655764986e-07,
    2.7339698114384785e-07,
    1.9386755439747002e-07,
    6.826084930796641e-08,
    8.115643038656845e-08,
    2.8942007950504905e-08,
    4.7611323082031125e-09,
    1.218302325904008e-09,
    2.4577344725037212e-11,
    5.4337270442298694e-14,
    6.868239167999817e-19,
    7.375410106046471e-27,
    3.924084452515643e-40,
    9.563102027236204e-62,
    5.288816061630552e-97,
    3.037485506162048e-154
  ],
  "eps_contrib_per_shell": [
    3.90625e-10,
    5.013018211190584e-15,
    2.0356840060717332e-14,
    3.947272397840141e-14,
    1.0320927214992001e-13,
    2.1757278212842496e-13,
    7.321244249223977e-13,
    1.7497406793206262e-12,
    4.963009392575232e-12,
    6.98991096913576e-12,
    3.3241673886338434e-11,
    4.7418585826107236e-11,
    3.1202556695039914e-11,
    3.193706449217803e-11,
    2.5771213822400617e-12,
    2.2790703076521517e-14,
    1.1522993206119323e-18,
    4.949553937508982e-26,
    1.053363399393547e-38,
    1.02683026138227e-59,
    2.271529201926274e-94,
    5.218360364416001e-151
  ],
  "burst_relevant_shells_1indexed": [
    6,
    7,
    8,
    9,
    10,
    11,
    12,
    13,
    14,
    15
  ],
  "burst_shells_mean_R2_low3": -3.9717300689194888,
  "elapsed_seconds": 436.4748608999653
}
