beta,mean_kendall_tau,query_count
2.0,0.047715053763,32
2.4,0.026747311828,32
2.8,-0.034677419355,32
all,0.013261648746,96
