k,r_k_median,r_k_median_passing,fidelity_coverage,incompat_fraction,mean_minority
10,1.9565495080152045e-06,1.9565495080152045e-06,1.0,0.0,0.0
15,2.887669919925984e-06,2.887669919925984e-06,1.0,0.0,0.0
20,3.926441850804947e-06,3.926441850804947e-06,1.0,0.0,0.0
25,5.089180899919675e-06,5.089180899919675e-06,1.0,0.0,0.0
30,6.0918547828420996e-06,6.0918547828420996e-06,1.0,0.0,0.0
40,8.280322706602428e-06,8.280322706602428e-06,1.0,0.0,0.0
50,1.058725677160125e-05,1.058725677160125e-05,1.0,0.0,0.0
