{
  "prereg": "docs/atlas/H3_STALE_PROJECTION_PREREG.md",
  "params": {
    "train_seed": 101235,
    "deploy_seed": 111235,
    "control_seed": 121235,
    "init_seeds": [
      131235,
      131236,
      131237,
      131238,
      131239
    ],
    "n": [
      8000,
      10000,
      4000
    ],
    "nys_seed": 71235
  },
  "gates": {
    "C0_raw_dep_ridge": -0.010043501853942871,
    "MI_g_ridge": -0.0008679986000061035,
    "MI_g_mlp": -0.003936576843261719,
    "MI_mag_ridge": -0.0011701345443725585,
    "MI_mag_mlp": -0.004160857200622559,
    "MI_d_balacc": 0.49900482978227745
  },
  "apparatus_ok": true,
  "trainfit_ok": true,
  "control_ok": true,
  "cells": [
    {
      "head": "lin",
      "init": 131235,
      "train_fit": 0.9844868183135986,
      "ctl_r2": 0.9981066703796386,
      "coupling": 0.2180959701538086,
      "var_ratio": 0.11555364727973938,
      "var_ratio_ctl": 1.076706051826477,
      "p_d": 6.553814721602655e-05,
      "p_g": 0.043936031108007145,
      "p_mag": 0.037847572637928976,
      "b_d": 0.06154442047900271,
      "b_g": 0.08681243752644552,
      "b_mag": 0.1086645763502685,
      "fam_d": 6.553814721602655e-05,
      "fam_gmag": 0.043936031108007145,
      "gcf_r2": 0.9207418957635144,
      "gcf_scale_share": 0.03615794199019562,
      "cell": "CO"
    },
    {
      "head": "lin",
      "init": 131236,
      "train_fit": 0.9845851063728333,
      "ctl_r2": 0.9981489658355713,
      "coupling": 0.20714592933654785,
      "var_ratio": 0.1288641393184662,
      "var_ratio_ctl": 1.0426669120788574,
      "p_d": 0.0002848331789757394,
      "p_g": 0.04571863111661322,
      "p_mag": 0.03898984393593509,
      "b_d": 0.0005523518393762308,
      "b_g": 0.01712595673010958,
      "b_mag": 0.02357571361910929,
      "fam_d": 0.0002848331789757394,
      "fam_gmag": 0.04571863111661322,
      "gcf_r2": 0.9242977536596105,
      "gcf_scale_share": 0.03543161257771166,
      "cell": "CO"
    },
    {
      "head": "lin",
      "init": 131237,
      "train_fit": 0.9834793210029602,
      "ctl_r2": 0.9946113705635071,
      "coupling": 0.20380070209503173,
      "var_ratio": 0.11946370452642441,
      "var_ratio_ctl": 1.0341951847076416,
      "p_d": 0.0004430121607390466,
      "p_g": 0.06448101320010795,
      "p_mag": 0.05346257320543867,
      "b_d": 0.010273054216836814,
      "b_g": 0.0007207794144968877,
      "b_mag": 9.859672160201234e-05,
      "fam_d": 0.0004430121607390466,
      "fam_gmag": 0.06448101320010795,
      "gcf_r2": 0.9062847986435297,
      "gcf_scale_share": 0.052488180312201815,
      "cell": "CO"
    },
    {
      "head": "lin",
      "init": 131238,
      "train_fit": 0.9842562079429626,
      "ctl_r2": 0.9974724292755127,
      "coupling": 0.15248570442199708,
      "var_ratio": 0.09447426348924637,
      "var_ratio_ctl": 1.05531644821167,
      "p_d": 6.592091531277863e-05,
      "p_g": 0.04129914147788155,
      "p_mag": 0.03492241708508893,
      "b_d": 0.018169055546059146,
      "b_g": 0.19818993605291574,
      "b_mag": 0.2073174642238819,
      "fam_d": 6.592091531277863e-05,
      "fam_gmag": 0.04129914147788155,
      "gcf_r2": 0.9210720120448886,
      "gcf_scale_share": 0.03384475708233636,
      "cell": "CO"
    },
    {
      "head": "lin",
      "init": 131239,
      "train_fit": 0.9840927720069885,
      "ctl_r2": 0.9968635439872742,
      "coupling": 0.17950255870819093,
      "var_ratio": 0.10072404891252518,
      "var_ratio_ctl": 1.0133014917373657,
      "p_d": 0.003360744600643262,
      "p_g": 0.02953867521849126,
      "p_mag": 0.022088698704430736,
      "b_d": 0.011010201349183226,
      "b_g": 0.10771290017517557,
      "b_mag": 0.11926081516529259,
      "fam_d": 0.003360744600643262,
      "fam_gmag": 0.02953867521849126,
      "gcf_r2": 0.9107159970536938,
      "gcf_scale_share": 0.025167801378368937,
      "cell": "CO"
    },
    {
      "head": "mlp",
      "init": 131235,
      "train_fit": 0.9850080013275146,
      "ctl_r2": 0.9981475472450256,
      "coupling": 0.19188648462295532,
      "var_ratio": 0.10430815070867538,
      "var_ratio_ctl": 1.0352081060409546,
      "p_d": 0.001688531468139454,
      "p_g": 3.6911089548981935e-06,
      "p_mag": 4.027849468180437e-06,
      "b_d": 0.018118285374635296,
      "b_g": 0.0007466540028453436,
      "b_mag": 0.0015705423414004577,
      "fam_d": 0.001688531468139454,
      "fam_gmag": 4.027849468180437e-06,
      "gcf_r2": 0.9701570362504268,
      "gcf_scale_share": 1.7182332234799702e-07,
      "cell": "CO"
    },
    {
      "head": "mlp",
      "init": 131236,
      "train_fit": 0.984936535358429,
      "ctl_r2": 0.9977121829986573,
      "coupling": 0.22314224243164063,
      "var_ratio": 0.11508358269929886,
      "var_ratio_ctl": 0.9377149343490601,
      "p_d": 0.000763666175674381,
      "p_g": 0.01229924803215801,
      "p_mag": 0.01081263220691707,
      "b_d": 0.009893396899266984,
      "b_g": 0.0789690817126789,
      "b_mag": 0.07230096963554418,
      "fam_d": 0.000763666175674381,
      "fam_gmag": 0.01229924803215801,
      "gcf_r2": 0.9636375395748888,
      "gcf_scale_share": 0.00915957868749806,
      "cell": "CO"
    },
    {
      "head": "mlp",
      "init": 131237,
      "train_fit": 0.9849307537078857,
      "ctl_r2": 0.9989644765853882,
      "coupling": 0.20501474142074586,
      "var_ratio": 0.10515523701906204,
      "var_ratio_ctl": 0.9716501832008362,
      "p_d": 0.0019144572437881477,
      "p_g": 7.943663685141494e-05,
      "p_mag": 0.00010383653285211631,
      "b_d": 0.03138116223329589,
      "b_g": 0.021234045149039364,
      "b_mag": 0.026264559490664627,
      "fam_d": 0.0019144572437881477,
      "fam_gmag": 0.00010383653285211631,
      "gcf_r2": 0.9702473675423339,
      "gcf_scale_share": 4.339550691756511e-05,
      "cell": "CO"
    },
    {
      "head": "mlp",
      "init": 131238,
      "train_fit": 0.9829325675964355,
      "ctl_r2": 0.993095314502716,
      "coupling": 0.21391751766204833,
      "var_ratio": 0.10378914326429367,
      "var_ratio_ctl": 0.9175106287002563,
      "p_d": 0.0002339076503950029,
      "p_g": 2.1830042349085945e-05,
      "p_mag": 3.059214325769612e-05,
      "b_d": 0.015802499600797503,
      "b_g": 0.000382897626292522,
      "b_mag": 0.00021812823804763921,
      "fam_d": 0.0002339076503950029,
      "fam_gmag": 3.059214325769612e-05,
      "gcf_r2": 0.9677046277235865,
      "gcf_scale_share": 6.195723286750443e-06,
      "cell": "CO"
    },
    {
      "head": "mlp",
      "init": 131239,
      "train_fit": 0.9851520657539368,
      "ctl_r2": 0.9983434319496155,
      "coupling": 0.1869441032409668,
      "var_ratio": 0.09642922878265381,
      "var_ratio_ctl": 0.9585535526275635,
      "p_d": 0.0016707984636712063,
      "p_g": 0.03981472721645639,
      "p_mag": 0.03208665625027347,
      "b_d": 0.0006646739775191193,
      "b_g": 0.11932024160680557,
      "b_mag": 0.11155575063472402,
      "fam_d": 0.0016707984636712063,
      "fam_gmag": 0.03981472721645639,
      "gcf_r2": 0.9350869143316766,
      "gcf_scale_share": 0.03411421178817842,
      "cell": "CO"
    }
  ],
  "head_modal": {
    "lin": "CO",
    "mlp": "CO"
  },
  "verdict": "K1",
  "void": false
}