{
  "meta": {
    "seed": 1234,
    "K": 64,
    "N_train": 4000,
    "N_probe": 1500,
    "F": 32,
    "H": 32,
    "hidden": 64,
    "n_freq": 6,
    "c_range": [
      3.0,
      7.0
    ],
    "obs_noise": 0.05,
    "train_lambda": 1.0,
    "epochs": 60,
    "lambda_grid": [
      0.0,
      0.1,
      0.2,
      0.3,
      0.5,
      0.75,
      1.0,
      1.5,
      2.0
    ],
    "d_probe": "balanced-accuracy (majority/chance = 0.5)",
    "c_probe": "Ridge 5-fold CV R2"
  },
  "results": {
    "clf_d": {
      "pre": {
        "0.0": {
          "c_r2": 0.8810838341712952,
          "d_acc": 1.0
        },
        "0.1": {
          "c_r2": 0.8690853714942932,
          "d_acc": 1.0
        },
        "0.2": {
          "c_r2": 0.8463968753814697,
          "d_acc": 1.0
        },
        "0.3": {
          "c_r2": 0.8052149653434754,
          "d_acc": 1.0
        },
        "0.5": {
          "c_r2": 0.6762282490730286,
          "d_acc": 1.0
        },
        "0.75": {
          "c_r2": 0.5424054384231567,
          "d_acc": 1.0
        },
        "1.0": {
          "c_r2": 0.41671000719070433,
          "d_acc": 1.0
        },
        "1.5": {
          "c_r2": 0.21201574802398682,
          "d_acc": 1.0
        },
        "2.0": {
          "c_r2": 0.10676555633544922,
          "d_acc": 1.0
        }
      },
      "post": {
        "0.0": {
          "c_r2": 0.8909513831138611,
          "d_acc": 1.0
        },
        "0.1": {
          "c_r2": 0.8927171230316162,
          "d_acc": 1.0
        },
        "0.2": {
          "c_r2": 0.9074313521385193,
          "d_acc": 1.0
        },
        "0.3": {
          "c_r2": 0.9133061051368714,
          "d_acc": 1.0
        },
        "0.5": {
          "c_r2": 0.9436542391777039,
          "d_acc": 1.0
        },
        "0.75": {
          "c_r2": 0.9467102408409118,
          "d_acc": 1.0
        },
        "1.0": {
          "c_r2": 0.9314537525177002,
          "d_acc": 1.0
        },
        "1.5": {
          "c_r2": 0.8638817548751831,
          "d_acc": 1.0
        },
        "2.0": {
          "c_r2": 0.7305022478103638,
          "d_acc": 1.0
        }
      }
    },
    "reg_c": {
      "pre": {
        "0.0": {
          "c_r2": 0.9810238361358643,
          "d_acc": 1.0
        },
        "0.1": {
          "c_r2": 0.9732761383056641,
          "d_acc": 1.0
        },
        "0.2": {
          "c_r2": 0.9527623653411865,
          "d_acc": 1.0
        },
        "0.3": {
          "c_r2": 0.9219066739082337,
          "d_acc": 1.0
        },
        "0.5": {
          "c_r2": 0.8294400930404663,
          "d_acc": 1.0
        },
        "0.75": {
          "c_r2": 0.689160680770874,
          "d_acc": 1.0
        },
        "1.0": {
          "c_r2": 0.5603737115859986,
          "d_acc": 1.0
        },
        "1.5": {
          "c_r2": 0.30741301774978635,
          "d_acc": 1.0
        },
        "2.0": {
          "c_r2": 0.18131551742553711,
          "d_acc": 1.0
        }
      },
      "post": {
        "0.0": {
          "c_r2": 0.995685875415802,
          "d_acc": 1.0
        },
        "0.1": {
          "c_r2": 0.9977854371070862,
          "d_acc": 1.0
        },
        "0.2": {
          "c_r2": 0.9986690282821655,
          "d_acc": 1.0
        },
        "0.3": {
          "c_r2": 0.9982577204704285,
          "d_acc": 1.0
        },
        "0.5": {
          "c_r2": 0.9964738249778747,
          "d_acc": 1.0
        },
        "0.75": {
          "c_r2": 0.9925606966018676,
          "d_acc": 1.0
        },
        "1.0": {
          "c_r2": 0.9868440151214599,
          "d_acc": 1.0
        },
        "1.5": {
          "c_r2": 0.9651960134506226,
          "d_acc": 1.0
        },
        "2.0": {
          "c_r2": 0.9286092519760132,
          "d_acc": 1.0
        }
      }
    },
    "recon": {
      "pre": {
        "0.0": {
          "c_r2": 0.996229088306427,
          "d_acc": 1.0
        },
        "0.1": {
          "c_r2": 0.9893996238708496,
          "d_acc": 1.0
        },
        "0.2": {
          "c_r2": 0.9683822393417358,
          "d_acc": 1.0
        },
        "0.3": {
          "c_r2": 0.9343251347541809,
          "d_acc": 1.0
        },
        "0.5": {
          "c_r2": 0.8402812004089355,
          "d_acc": 1.0
        },
        "0.75": {
          "c_r2": 0.6864443421363831,
          "d_acc": 1.0
        },
        "1.0": {
          "c_r2": 0.5465915679931641,
          "d_acc": 1.0
        },
        "1.5": {
          "c_r2": 0.3028972983360291,
          "d_acc": 1.0
        },
        "2.0": {
          "c_r2": 0.18001266717910766,
          "d_acc": 1.0
        }
      },
      "post": {
        "0.0": {
          "c_r2": 0.9988507151603698,
          "d_acc": 1.0
        },
        "0.1": {
          "c_r2": 0.9993832588195801,
          "d_acc": 1.0
        },
        "0.2": {
          "c_r2": 0.9992375254631043,
          "d_acc": 1.0
        },
        "0.3": {
          "c_r2": 0.9986738562583923,
          "d_acc": 1.0
        },
        "0.5": {
          "c_r2": 0.996614146232605,
          "d_acc": 1.0
        },
        "0.75": {
          "c_r2": 0.9923284530639649,
          "d_acc": 1.0
        },
        "1.0": {
          "c_r2": 0.9857666850090027,
          "d_acc": 1.0
        },
        "1.5": {
          "c_r2": 0.9622514367103576,
          "d_acc": 1.0
        },
        "2.0": {
          "c_r2": 0.9259027719497681,
          "d_acc": 1.0
        }
      }
    }
  },
  "controls": {
    "majority_d_balanced_acc": 0.5,
    "label_perm_post_c_r2": -0.0067708373069763185,
    "label_perm_post_d_acc": 0.4780364467913447
  },
  "gates": {
    "P-A1": {
      "pass": true,
      "detail": "lambda=0 post-pool c-R2 (>=0.6 all): clf_d=0.891, reg_c=0.996, recon=0.999"
    },
    "P-A2": {
      "pass": false,
      "detail": "lambda=2 post-pool c-R2: clf_d=0.731 (<=0.15 gate), recon=0.926"
    },
    "P-A3": {
      "pass": true,
      "detail": "min over lambda of post-pool d-acc (>=0.85 all): clf_d=1.000, reg_c=1.000, recon=1.000"
    },
    "P-A4": {
      "pass": false,
      "detail": "lambda=2 clf_d PRE c-R2=0.107 - POST c-R2=0.731 = gap -0.624 (>=0.4 gate)"
    },
    "P-A5": {
      "pass": false,
      "detail": "lambda=2 post-pool c-R2: reg_c=0.929 - clf_d=0.731 = diff 0.198 (>=0.2 gate)"
    }
  },
  "kills_triggered": [
    "KILL-A1"
  ],
  "c_resist_lambda_range_clf_d": 0.21620799303054805
}