{
  "verdict": "gate_abort",
  "pooled_rms": 0.013566119079864492,
  "k1_fired": false,
  "k2_fired": false,
  "slope": -0.8627788043609192,
  "r2": 0.7410933168099514,
  "lam_stars": {
    "0.15": 1.5524626296114217,
    "0.2": 1.5089782910453038,
    "0.3": 1.4714299529433137,
    "0.5": 0.530380849017944
  },
  "gates": {
    "g1_rms": 0.004494012501917386,
    "g1": true,
    "g3_det": true,
    "g3_r0": true,
    "g4": false,
    "sanity": true
  },
  "eps_main": [
    0.15,
    0.2,
    0.3,
    0.5
  ],
  "eps_sanity": [
    0.01,
    0.03
  ],
  "n": 600,
  "theta": 0.5,
  "seed_base": 20260608,
  "recovery": {
    "0.15": {
      "cont": [
        0.7693,
        0.7893,
        0.7632,
        0.794,
        0.7725,
        0.7429,
        0.6488,
        0.4453,
        0.5968,
        0.6167,
        0.4661,
        0.5573
      ],
      "disc": [
        1.0,
        1.0,
        1.0,
        1.0,
        1.0,
        1.0,
        1.0,
        1.0,
        1.0,
        1.0,
        1.0,
        1.0
      ],
      "half_life": null
    },
    "0.2": {
      "cont": [
        0.7693,
        0.7892,
        0.7632,
        0.7941,
        0.771,
        0.7431,
        0.6473,
        0.441,
        0.5605,
        0.5803,
        0.4122,
        0.4902
      ],
      "disc": [
        1.0,
        1.0,
        1.0,
        1.0,
        1.0,
        1.0,
        1.0,
        1.0,
        1.0,
        1.0,
        1.0,
        1.0
      ],
      "half_life": null
    },
    "0.3": {
      "cont": [
        0.7693,
        0.7895,
        0.7623,
        0.7926,
        0.7715,
        0.7424,
        0.6429,
        0.4292,
        0.4591,
        0.4313,
        0.2612,
        0.2973
      ],
      "disc": [
        1.0,
        1.0,
        1.0,
        1.0,
        1.0,
        1.0,
        1.0,
        1.0,
        1.0,
        1.0,
        1.0,
        1.0
      ],
      "half_life": 1.5
    },
    "0.5": {
      "cont": [
        0.7693,
        0.7897,
        0.7622,
        0.7922,
        0.7666,
        0.7264,
        0.6283,
        0.3954,
        0.2241,
        0.1394,
        0.0,
        0.0
      ],
      "disc": [
        1.0,
        1.0,
        1.0,
        1.0,
        1.0,
        1.0,
        1.0,
        1.0,
        1.0,
        1.0,
        1.0,
        1.0
      ],
      "half_life": 0.75
    }
  },
  "wall_s": 240.8
}