k,r_k_median,r_k_median_passing,fidelity_coverage,incompat_fraction,mean_minority
10,0.2414877120946888,0.0,0.0,0.0,0.0
15,0.28675352114070707,0.0,0.0,0.0,0.0
20,0.34509042592987177,0.0,0.0,0.0,0.0
25,0.40443902345513594,0.0,0.0,0.0,0.0
30,0.4640896623609383,0.0,0.0,0.0,0.0
40,0.5683866559981486,0.0,0.0,0.0,0.0
50,0.6575794075750193,0.0,0.0,0.0,0.0
