{
  "v0BinEdgeTimestampOk": true,
  "binDegenerateBetas": [],
  "perBetaBinEdgeMaxAbsDiff": 0,
  "globalBinEdgeMaxAbsDiff": 0,
  "withinPrimary5": 0.30833333333333307,
  "withinCtrlRand5": 0.2874999999999997,
  "withinCtrlMeta5": 0.31458333333333316,
  "withinCtrlRaw5": 0.29791666666666644,
  "withinCtrlPerm5": 0.3131187499999977,
  "withinCtrlGaugeRand5": 0.30833333333333307,
  "acrossPrimary5": 0.3562499999999999,
  "acrossCtrlRandStrat5": 0.3499999999999997,
  "gaugeSignatureResidualMax": 3.3306690738754696e-16,
  "wallClockSeconds": 10.837216699999999,
  "withinPrimaryMinusRand5": 0.02083333333333337,
  "withinPrimaryMinusMeta5": -0.006250000000000089,
  "withinPrimaryMinusRaw5": 0.01041666666666663,
  "gaugeRandPurityDiff": 0,
  "acrossPrimaryMinusRandStrat5": 0.0062500000000002,
  "thresholds": {
    "primaryWithinMeanBinPurity5Min": 0.5,
    "primaryMinusCtrlRandMin": 0.1,
    "primaryMinusCtrlMetaMin": 0.1,
    "primaryMinusCtrlRawMin": 0.1,
    "ctrlPermChanceTolerance": 0.05,
    "gaugeRandPurityDiffMax": 1e-12,
    "gaugeSignatureResidualMax": 1e-12,
    "acrossPrimaryMinusRandStratMin": 0.05,
    "perBetaBinEdgeMaxAbsDiff": 1e-12,
    "globalBinEdgeMaxAbsDiff": 1e-12,
    "aggregationWallClockSecondsMax": 600
  },
  "branch": "YM-P2-NEG-A no_rank_local_structure",
  "reason": "primary=0.30833333333333307, primary-CTRL_RAND=0.02083333333333337"
}
