beta,mean_kendall_tau,query_count
2.0,0.003897849462,32
2.4,-0.041935483871,32
2.8,0.050268817204,32
all,0.004077060932,96
