{
  "distanceMetric": "euclidean_zscore",
  "signatureVocabularyVersion": "v5",
  "signatureDimension": 20,
  "signatureKeys": [
    "W11_r1",
    "W11_r2",
    "W11_r3",
    "W11_r4",
    "W11_r5",
    "W12_r1",
    "W12_r2",
    "W12_r3",
    "W12_r4",
    "W12_r5",
    "W13_r1",
    "W13_r2",
    "W13_r3",
    "W13_r4",
    "W13_r5",
    "W22_r1",
    "W22_r2",
    "W22_r3",
    "W22_r4",
    "W22_r5"
  ],
  "withinBeta": {
    "2.0": {
      "means": [
        0.0011459630558775013,
        0.00023976593954521102,
        0.00025173629199379873,
        -0.00026273617737954287,
        0.000008724557398816224,
        0.004373270138333145,
        0.00034987869455914726,
        0.00020093502250643873,
        0.0001894527071450449,
        0.00010643224190016272,
        0.005649898023980893,
        -0.000039393107916743664,
        0.00018066327302136538,
        0.0008739476507975109,
        0.0001939837906359357,
        0.002538321306089133,
        0.0001670231798556161,
        -0.00007410954989749485,
        -0.00004531590812620732,
        0.00006859952703852724
      ],
      "stds": [
        0.000841049321732189,
        0.0004671803824184754,
        0.0005150584557211298,
        0.0006930772793959365,
        0.00043441634198785575,
        0.0010376736975805706,
        0.0007068683433534062,
        0.000784223428708309,
        0.0009367448757535792,
        0.00044607637209096666,
        0.0009952391820902263,
        0.0006710991433178178,
        0.00081028784374726,
        0.001056026339259521,
        0.0004435536617753456,
        0.000966249040240562,
        0.0008203523506105665,
        0.0010263025543582906,
        0.0012152236402622402,
        0.0005208963512377123
      ]
    },
    "2.4": {
      "means": [
        0.0013356330056072778,
        0.00032797361306071034,
        0.000023205155756298584,
        0.00007933811020439246,
        0.00000270356840421232,
        0.00515704783837285,
        0.0007888782245458687,
        0.00044418684072111735,
        0.000122426246240555,
        -0.000043713641632462785,
        0.006751299374373855,
        0.0005192504573652722,
        0.00037624400083541276,
        0.0012544855158036798,
        0.00008441378378452012,
        0.004188422596036095,
        0.0005799160632857985,
        0.0002974755281676196,
        0.0005737809808448436,
        0.00012587826613116125
      ],
      "stds": [
        0.0004747762617999806,
        0.0004679766542788794,
        0.00055140083334701,
        0.000647400783817966,
        0.00036430988280229275,
        0.0010314189178309305,
        0.0008649779268442364,
        0.000892175133142026,
        0.000957943285689999,
        0.0004529912022601264,
        0.001272002381657861,
        0.0008525961202377621,
        0.0008589277363539482,
        0.0010529151416576975,
        0.0005532150727063146,
        0.00103742232841246,
        0.000972413844773779,
        0.001017963592196785,
        0.0011683208481683704,
        0.0005262805173838551
      ]
    },
    "2.8": {
      "means": [
        0.0014266612345259725,
        0.000280907667252148,
        0.00007969136506952648,
        0.0001783467710533785,
        0.000017883407732319917,
        0.005432913050359427,
        0.0009291748908562998,
        0.0003094262305369088,
        0.00033720799765664996,
        0.00019824956390719888,
        0.008289709708300601,
        0.0008007182759688862,
        0.0003770085603193986,
        0.0014952184354233035,
        0.00016218761647704156,
        0.0061146693306922024,
        0.0010068529848166821,
        0.00008429686117051433,
        0.0004605050836940743,
        0.00004656072814517351
      ],
      "stds": [
        0.0006088027702208558,
        0.0003139388781211344,
        0.0004282619947080327,
        0.0004915711310122859,
        0.0002253710002768803,
        0.0009517751702834036,
        0.0005530963094418771,
        0.00094108030656962,
        0.0006238873535474676,
        0.0004627464296256791,
        0.0012925245339889275,
        0.0008610598052413159,
        0.0011711637609278453,
        0.0009368830348086406,
        0.0006853425206360901,
        0.0011713412329699912,
        0.0010351755500441321,
        0.0008416851819245721,
        0.0012373934884225238,
        0.0006070864796242107
      ]
    }
  },
  "acrossBeta": {
    "means": [
      0.0013027524320035839,
      0.00028288240661935644,
      0.00011821093760654127,
      -0.0000016837653739239695,
      0.000009770511178449487,
      0.004987743675688473,
      0.0006893106033204386,
      0.0003181826979214883,
      0.00021636231701408328,
      0.00008698938805829961,
      0.0068969690355517865,
      0.00042685854180580493,
      0.00031130527805872557,
      0.0012078838673414986,
      0.00014686173029916582,
      0.004280471077605811,
      0.0005845974093193657,
      0.00010255427981354635,
      0.0003296567188042369,
      0.00008034617377162066
    ],
    "stds": [
      0.0006694362566898045,
      0.000424151476122051,
      0.000510253304498386,
      0.0006450452095603245,
      0.00035230109823336666,
      0.0011031598646970501,
      0.0007607951552154883,
      0.0008805899035796284,
      0.0008580080655781042,
      0.0004648152143450898,
      0.0016119597905542332,
      0.0008726236608387455,
      0.0009646327614536756,
      0.0010484620498660603,
      0.0005712081510614193,
      0.0018064481319512295,
      0.0010071155192298248,
      0.0009776704435741667,
      0.0012369596013567389,
      0.0005538383629824935
    ]
  },
  "rawWithinBeta": {
    "2.0": {
      "componentCount": 41472,
      "meansSha256": "a48617cb77574fe225a06c09efc54712ad12777e141890fc7e516dd611a99d3a",
      "stdsSha256": "936d0e96aacac825046318dee3d4f3cb2e934354d23074f160eed616c343f4a6"
    },
    "2.4": {
      "componentCount": 41472,
      "meansSha256": "fee29cde2be02c9dfcde7d2a792f84fd9a8664f08209e391c8a7078634479b26",
      "stdsSha256": "3c5c3790b0723d6a78f41674ed843743b094725888016277c7a78fcd43bfd797"
    },
    "2.8": {
      "componentCount": 41472,
      "meansSha256": "905d402f0046f8ff440ffb746cad204c7bcd398adc8cf0243c45530c2a3d49b2",
      "stdsSha256": "32220ec227c1ac76bfd7ca2fe4fda48db584c110269fb97ae9257c219078c9c4"
    }
  },
  "rawAcrossBeta": {
    "componentCount": 41472,
    "meansSha256": "573d78466c65ac6ddbaa535269758ffeeb65fd22b13b38406221c77c31c62a9a",
    "stdsSha256": "80bb64c90082943eebc89b3c6dd3119e7b26bad07e136444f485bbae7c69326e"
  }
}
