{
  "lane": "chatv2",
  "phase": "0.2",
  "verdict": "MARGINAL",
  "H_star": null,
  "precheck": {
    "16": 0.50075
  },
  "cfg": {
    "mode": "full",
    "stage": "all",
    "latent": "computed",
    "window": 2,
    "h_sweep": [
      16
    ],
    "bits_per_channel": 24,
    "delta": 0.45,
    "d_model": 192,
    "n_layers": 3,
    "n_heads": 4,
    "lr": 0.0003,
    "batch": 128,
    "eval_batch": 512,
    "max_steps": 6000,
    "eval_every": 250,
    "patience": 4,
    "n_fingerprint": 3000,
    "k_outlier": 2,
    "seed": 0,
    "d_dec_frac_min": 0.5,
    "z1_ctrl_min": 0.7,
    "leak_max": 0.58,
    "body_carry_min": 0.7,
    "body_carry_gap_min": 0.2,
    "precheck_max": 0.6
  },
  "records": [
    {
      "H": 16,
      "generative": {
        "body_layer": 3,
        "zr_by_layer": [
          0.498,
          0.502,
          0.499,
          0.504
        ],
        "d_dec": 13.32,
        "eff_dim_raw": 1.047,
        "eff_dim_robust": 3.541,
        "z1_acc": 0.5177,
        "z_recover_mean": 0.5035,
        "body_carry": 0.5026,
        "z_recover_each": [
          0.5177,
          0.5117,
          0.5213,
          0.4803,
          0.4973,
          0.4997,
          0.5103,
          0.485,
          0.5027,
          0.5107,
          0.4907,
          0.4947,
          0.516,
          0.52,
          0.4983,
          0.4997
        ],
        "cross_latent_leak": 0.5058,
        "outlier_carries_latents": 0.4972,
        "latents_survive_outlier_removal": 0.5041
      },
      "twin": {
        "body_layer": 3,
        "zr_by_layer": [
          0.498,
          0.504,
          0.521,
          0.536
        ],
        "d_dec": 14.221,
        "eff_dim_raw": 2.019,
        "eff_dim_robust": 3.475,
        "z1_acc": 0.9527,
        "z_recover_mean": 0.5364,
        "body_carry": 0.5087,
        "z_recover_each": [
          0.9527,
          0.5753,
          0.5083,
          0.5053,
          0.4957,
          0.5103,
          0.5103,
          0.4937,
          0.501,
          0.4873,
          0.491,
          0.5063,
          0.506,
          0.4973,
          0.5167,
          0.5253
        ],
        "cross_latent_leak": 0.5054,
        "outlier_carries_latents": 0.5283,
        "latents_survive_outlier_removal": 0.504
      },
      "gen_train": {
        "eval_loss": 0.6932480335235596,
        "bayes_floor": 0.445831211952909,
        "steps": 1250
      },
      "twin_train": {
        "train_acc_z1": 0.9453125
      },
      "sharp": false,
      "learned": false,
      "status": "UNLEARNED"
    }
  ]
}