objective,e_max,damp_fraction,powered,a_mm,knn_verdict,r2_objective_given_phiK,r2_permuted_control,estimator_ok
E_low,0.882373498854463,0.26878,True,0.0005771422549771637,STRICTNESS_WITNESS_POSITIVE,0.9797073083740774,-0.0016453354522645292,True
Z_low,1.2551044006392726,0.0,False,0.0,DEFERRED_VACUITY,0.24852523486768174,-0.0007710668354790062,True
E_high,0.05430649444852355,0.0,False,0.0,DEFERRED_VACUITY,0.9581775922567854,-0.002002551632588556,True
Z_high,0.42047308003261424,0.0,False,0.0,DEFERRED_VACUITY,0.9972150148762824,-0.0016784798316282767,True
palinstrophy,6.452975079191097,0.2654,True,0.0011005017863394272,STRICTNESS_WITNESS_POSITIVE,0.9996941973991338,-0.0015685785262906649,True
top_shell,5.571825829244102e-07,0.29552,True,0.0,INCONCLUSIVE_CONVERGENCE,0.7601726871873355,-0.0013148719373849982,True
