k,r_k_median,r_k_median_passing,fidelity_coverage,incompat_fraction,mean_minority
10,0.008597821774267853,0.008597821774267853,1.0,0.0,0.0
15,0.012427293652191952,0.012427293652191952,1.0,0.0,0.0
20,0.017137428943303324,0.017137428943303324,1.0,0.0,0.0
25,0.02165749810160856,0.02165749810160856,1.0,0.0,0.0
30,0.025602433908126818,0.025602433908126818,1.0,0.0,0.0
40,0.03516166305327089,0.03503724298959064,0.99,0.0,0.0
50,0.04441251797019789,0.04344147041790383,0.94,0.0,0.0
