k,r_k_median,r_k_median_passing,fidelity_coverage,incompat_fraction
10,1.9565495080152045e-06,1.9565495080152045e-06,1.0,0.0
20,3.926441850804947e-06,3.926441850804947e-06,1.0,0.0
30,6.0918547828420996e-06,6.0918547828420996e-06,1.0,0.0
50,1.058725677160125e-05,1.058725677160125e-05,1.0,0.0
100,2.325596203541564e-05,2.325596203541564e-05,1.0,0.0
