{
  "stressor": "joint_limit",
  "field": "joint_limit",
  "levels": [
    0.8,
    1.0,
    1.2,
    1.5
  ],
  "results": {
    "0.8": {
      "photometric": {
        "mean_terminal": 1.7502074787130146e-05,
        "std_terminal": 3.2908882180996565e-05,
        "values": [
          5.287384540330159e-07,
          9.524012483894083e-06,
          7.771662832475899e-05,
          2.326977238879309e-05,
          8.872593939165386e-06,
          3.572706359307314e-08,
          1.6746612935422293e-06,
          1.1003792009594314e-07,
          2.13815316807236e-06,
          2.3574873864495947e-05,
          8.780004109679044e-06,
          1.8317771918838027e-07,
          4.927542597836633e-07,
          1.1314749229045355e-05,
          2.848717140345851e-07,
          4.954589468806193e-05,
          0.0001580331427724309,
          6.859988406478505e-06,
          5.217663678868387e-06,
          6.597596359853116e-05,
          1.4368843595913978e-05,
          1.5248412779417447e-06,
          1.2771432003434182e-05,
          1.3863584451302405e-07,
          2.6833808059343388e-05,
          3.916244258149803e-07,
          4.027349489638677e-07,
          4.4323289648641254e-07,
          3.2056285497451357e-06,
          1.0848052935201643e-05
        ]
      },
      "doa_direct": {
        "mean_terminal": 0.027115087388845983,
        "std_terminal": 0.04005261762339938,
        "values": [
          2.3200386760779576e-05,
          0.03149957122306734,
          0.06232598155578855,
          0.17348507650369283,
          0.012823916600809932,
          1.0036143952304542e-06,
          0.007816136989920529,
          8.923111989681899e-06,
          0.007726947481516574,
          0.027909334851657537,
          0.061213076208592454,
          3.071096180344301e-07,
          0.00151573260710102,
          0.01017652176516457,
          8.080523289535327e-05,
          0.03728908915575582,
          0.11785201122121312,
          0.004847224975233673,
          0.004924980472909962,
          0.05138792748502523,
          0.047211414453434665,
          0.00032277264364874414,
          0.04540879303014465,
          5.021589826230421e-07,
          0.025626289145113647,
          1.920133776353223e-06,
          5.000725215199477e-05,
          0.00030339690215588005,
          0.005871617779805639,
          0.07574813961305721
        ]
      },
      "doa_noisy": {
        "mean_terminal": 0.02221297183210278,
        "std_terminal": 0.041140276855919235,
        "values": [
          5.103498740350032e-05,
          0.028643246217059874,
          0.08677424285202237,
          0.173109354347548,
          1.1608058361502015e-05,
          1.3258287897925723e-06,
          0.007650529873696046,
          3.2025391194885262e-06,
          0.007637750129285675,
          0.013246830996262565,
          0.05484118137123218,
          7.319809707979705e-06,
          0.0015325276484811543,
          0.00021872108158574457,
          8.49905293025926e-05,
          0.053020046778440494,
          0.12704448806859495,
          0.005514534738488951,
          8.914154915010144e-06,
          0.012198500750313921,
          0.015605208211733581,
          0.000283057325837635,
          0.043552684067646216,
          5.013296746294694e-07,
          0.031341601805801395,
          3.835865001300005e-07,
          5.001385784462533e-05,
          0.000303418458767044,
          0.003577314860836932,
          7.462069782952649e-05
        ]
      },
      "random": {
        "mean_terminal": 0.0,
        "std_terminal": 0.0,
        "values": [
          0.0,
          0.0,
          0.0,
          0.0,
          0.0,
          0.0,
          0.0,
          0.0,
          0.0,
          0.0,
          0.0,
          0.0,
          0.0,
          0.0,
          0.0,
          0.0,
          0.0,
          0.0,
          0.0,
          0.0,
          0.0,
          0.0,
          0.0,
          0.0,
          0.0,
          0.0,
          0.0,
          0.0,
          0.0,
          0.0
        ]
      }
    },
    "1.0": {
      "photometric": {
        "mean_terminal": 0.11380383310473893,
        "std_terminal": 0.13054446508304304,
        "values": [
          0.29721437847591925,
          0.05001666187136429,
          0.09891218055379883,
          0.09595789248065614,
          0.018522490369315688,
          0.1801435153496672,
          0.021978597997839425,
          0.2452430750158898,
          0.0244318864653906,
          0.023495820132949014,
          0.05334276731520255,
          0.0006903411574793978,
          0.010611459999026582,
          0.04578687420138481,
          0.0066079929448595864,
          0.08230477532077791,
          0.137148415054215,
          0.03561473728589925,
          0.03252320904320558,
          0.08653657924097102,
          0.06257367906417804,
          0.4652969654035777,
          0.5058233410113349,
          0.1968003227234108,
          0.06684098620749557,
          0.24684553783312085,
          0.23156382200616285,
          0.008992760607081875,
          0.02769463420059047,
          0.05459929380940288
        ]
      },
      "doa_direct": {
        "mean_terminal": 0.8003724496325314,
        "std_terminal": 0.17318596682296478,
        "values": [
          0.5912556906348198,
          0.9645806394708599,
          0.8843868986904069,
          0.9980687733487045,
          0.8649352172357788,
          0.531384835774472,
          0.9029753285432927,
          0.6026228361334738,
          0.902568745483855,
          0.8589503291331961,
          0.9869096342654867,
          0.42613270035787826,
          0.8109330376025874,
          0.8590376129753533,
          0.6871892617204135,
          0.8746615725436615,
          0.8838078281934136,
          0.8262971881530403,
          0.8446058256896471,
          0.9795533209548114,
          0.9789933591461625,
          0.6879998468688581,
          0.9777637112432397,
          0.4646576021279351,
          0.8741511705948593,
          0.4680694101251862,
          0.6505014991387662,
          0.7470641767485737,
          0.8889309148227349,
          0.9921845212544731
        ]
      },
      "doa_noisy": {
        "mean_terminal": 0.5336621354716246,
        "std_terminal": 0.3844371709309298,
        "values": [
          0.06932527470948227,
          0.9222374142526157,
          0.9852246031046066,
          0.9975196260828032,
          0.001381072979552821,
          0.0024414726497376023,
          0.8964214680393215,
          0.0015037405156179704,
          0.8944358256045633,
          0.579159448833047,
          0.9317470782419304,
          0.0029877050053003155,
          0.815333078275103,
          0.053035043309920205,
          0.6879684609900313,
          0.9711634541802013,
          0.855831166666818,
          0.5954059524355183,
          0.0013768501492327728,
          0.374629204096062,
          0.5271755789437672,
          0.6249224289453714,
          0.9617304206050649,
          0.419692390308121,
          0.9506945471311243,
          0.0004568473114600423,
          0.6505613155322293,
          0.747094973804884,
          0.48531995474209827,
          0.003087666703150673
        ]
      },
      "random": {
        "mean_terminal": 0.0,
        "std_terminal": 0.0,
        "values": [
          0.0,
          0.0,
          0.0,
          0.0,
          0.0,
          0.0,
          0.0,
          0.0,
          0.0,
          0.0,
          0.0,
          0.0,
          0.0,
          0.0,
          0.0,
          0.0,
          0.0,
          0.0,
          0.0,
          0.0,
          0.0,
          0.0,
          0.0,
          0.0,
          0.0,
          0.0,
          0.0,
          0.0,
          0.0,
          0.0
        ]
      }
    },
    "1.2": {
      "photometric": {
        "mean_terminal": 0.9555741471218246,