k,r_k_median,r_k_median_passing,fidelity_coverage,incompat_fraction,mean_minority
10,0.01964535914036203,0.01964535914036203,1.0,0.03492,0.012275999999999999
15,0.02366009779096004,0.02366009779096004,1.0,0.05758,0.016578666666666665
20,0.02877850362255257,0.02877850362255257,1.0,0.06452,0.020576
25,0.032167771672943116,0.032167771672943116,1.0,0.06936,0.021526400000000005
30,0.03459838944706116,0.03459838944706116,1.0,0.07164,0.024075333333333334
40,0.03930205018118037,0.03930205018118037,1.0,0.0872,0.027631
50,0.0448359055205724,0.0448359055205724,1.0,0.09738,0.031117600000000002
