{
  "startedAt": "2026-05-29T05:13:58.875341+00:00",
  "script": "scripts/pde_c1_kolmogorov_cell.py",
  "spec": "docs/proof/PDE_C1_CELLSET_KOLMOGOROV.md",
  "protocol": "docs/proof/PDE_C1_FIBER_PROTOCOL.md",
  "config": {
    "preset": "lock_v4",
    "grid_size": 32,
    "n_modes": 16,
    "k_signature": 4,
    "forcing_wavenumber": 2,
    "grashof": 200.0,
    "forcing_amplitude": 1.0,
    "viscosity": 0.07071067811865475,
    "dt": 0.01,
    "burnin_steps": 100000,
    "sample_count": 50000,
    "sample_interval_steps": 50,
    "lookahead_steps": 500,
    "n_min": 30,
    "delta_action": 0.1,
    "s_pos": 0.5,
    "delta_proxy_min": 0.01,
    "e_max_burnin_fraction": 0.25,
    "random_seed": 20260528,
    "integrator": "pseudo_spectral_vorticity_semi_implicit_euler",
    "signature_dimension": 32,
    "action_tiebreak": "no_op",
    "adjudicator": "knn-sweep",
    "k_neighbors": 30,
    "delta_incompat": 0.01
  },
  "environment": {
    "python": "3.14.4 (tags/v3.14.4:23116f9, Apr  7 2026, 14:10:54) [MSC v.1944 64 bit (AMD64)]",
    "numpy": "2.4.4",
    "platform": "win32",
    "cwd": "C:\\Users\\hughe\\Dev\\sundog"
  },
  "result": {
    "verdict": "STRICTNESS_WITNESS_POSITIVE",
    "verdict_label": "mean_minority_decays_to_zero_boundary_artifact",
    "interpretable": true,
    "n_samples": 50000,
    "mean_minority_intercept": -0.0012545898416967593,
    "mean_minority_slope": 0.7290216176806339,
    "incompat_intercept": -0.0031412115667783127,
    "incompat_slope": 2.2628495967407725,
    "fit_point_count": 7,
    "a_mm_lo": 0.005,
    "a_mm_hi": 0.015,
    "delta_incompat": 0.01,
    "delta_action": 0.1,
    "no_op_count": 34993,
    "damp_low_band_count": 15007,
    "damp_fraction": 0.30014,
    "epsilon_k_radius_threshold": 0.06260360939751715,
    "sweep_k_values": [
      10,
      15,
      20,
      25,
      30,
      40,
      50
    ],
    "sweep_mean_minority": [
      0.012275999999999999,
      0.016578666666666665,
      0.020576,
      0.021526400000000005,
      0.024075333333333334,
      0.027631,
      0.031117600000000002
    ],
    "sweep_incompat_fractions": [
      0.03492,
      0.05758,
      0.06452,
      0.06936,
      0.07164,
      0.0872,
      0.09738
    ],
    "sweep_r_k_medians": [
      0.01964535914036203,
      0.02366009779096004,
      0.02877850362255257,
      0.032167771672943116,
      0.03459838944706116,
      0.03930205018118037,
      0.0448359055205724
    ],
    "sweep_fidelity_coverages": [
      1.0,
      1.0,
      1.0,
      1.0,
      1.0,
      1.0,
      1.0
    ],
    "adjudicator": "knn-sweep",
    "e_max": 0.7838423819193794,
    "epsilon_k": 0.06260360939751715,
    "h_k": 0.011066859182934562,
    "burnin_energy_min": 0.7337716359276496,
    "burnin_energy_max": 3.126298938277075,
    "burnin_energy_mean": 0.8582500353635791,
    "sample_energy_min": 0.7648763505777608,
    "sample_energy_max": 0.7842894384744158,
    "sample_energy_mean": 0.7746589957943747,
    "low_modes": [
      {
        "kx": 0,
        "ky": 1
      },
      {
        "kx": 1,
        "ky": 0
      },
      {
        "kx": 1,
        "ky": 1
      },
      {
        "kx": -1,
        "ky": 1
      },
      {
        "kx": 0,
        "ky": 2
      },
      {
        "kx": 2,
        "ky": 0
      },
      {
        "kx": 1,
        "ky": 2
      },
      {
        "kx": 2,
        "ky": 1
      },
      {
        "kx": -2,
        "ky": 1
      },
      {
        "kx": -1,
        "ky": 2
      },
      {
        "kx": 2,
        "ky": 2
      },
      {
        "kx": -2,
        "ky": 2
      },
      {
        "kx": 0,
        "ky": 3
      },
      {
        "kx": 3,
        "ky": 0
      },
      {
        "kx": 1,
        "ky": 3
      },
      {
        "kx": 3,
        "ky": 1
      }
    ],
    "elapsed_seconds": 1714.2989152999944,
    "total_steps": 2600450,
    "steps_per_second": 1516.9174839117863
  }
}
