{
  "v3BinEdgeTimestampOk": true,
  "binDegenerateBetas": [],
  "withinPrimary5": 0.32916666666666644,
  "withinCtrlRand5": 0.30208333333333304,
  "withinCtrlMeta5": 0.30833333333333285,
  "withinCtrlRaw5": 0.2687499999999997,
  "withinCtrlPerm5": 0.3127145833333312,
  "withinCtrlGaugeRand5": 0.32916666666666644,
  "acrossPrimary5": 0.32083333333333314,
  "acrossCtrlRandStrat5": 0.36249999999999977,
  "gaugeSignatureResidualMax": 5.000444502911705e-13,
  "gaugeTargetResidualMax": 2.220446049250313e-16,
  "wallClockSeconds": 11.639393,
  "withinPrimaryMinusRand5": 0.027083333333333404,
  "withinPrimaryMinusMeta5": 0.020833333333333592,
  "withinPrimaryMinusRaw5": 0.06041666666666673,
  "gaugeRandPurityDiff": 0,
  "acrossPrimaryMinusRandStrat5": -0.04166666666666663,
  "thresholds": {
    "primaryWithinMeanBinPurity5Min": 0.5,
    "primaryMinusCtrlRandMin": 0.1,
    "primaryMinusCtrlMetaMin": 0.1,
    "primaryMinusCtrlRawMin": 0.1,
    "ctrlPermChanceTolerance": 0.05,
    "gaugeRandPurityDiffMax": 1e-12,
    "gaugeSignatureResidualMax": 1e-12,
    "gaugeTargetResidualMax": 1e-12,
    "acrossPrimaryMinusRandStratMin": 0.05,
    "targetSpreadMin": 1e-12,
    "aggregationWallClockSecondsMax": 600
  },
  "branch": "YM-P2-NEG-A no_rank_local_structure",
  "reason": "primary=0.32916666666666644, primary-CTRL_RAND=0.027083333333333404"
}
