beta,mean_kendall_tau,query_count
2.0,-0.045698924731,32
2.4,0.005913978495,32
2.8,0.037634408602,32
all,-0.000716845878,96
