{
  "distanceMetric": "euclidean_zscore",
  "signatureVocabularyVersion": "v1",
  "signatureSource": "v0_reread",
  "signatureDimension": 8,
  "signatureKeys": [
    "W11_mean",
    "W11_var",
    "W12_mean",
    "W12_var",
    "W13_mean",
    "W13_var",
    "W22_mean",
    "W22_var"
  ],
  "withinBeta": {
    "2.0": {
      "means": [
        0.4570887145813749,
        0.15398573501481247,
        0.20956304651246876,
        0.22275077343121874,
        0.09595588470240628,
        0.24386690488609378,
        0.0440099244,
        0.24793405731415627
      ],
      "stds": [
        0.004716463261762744,
        0.0029921479893126796,
        0.006133035720445663,
        0.003004579614975106,
        0.0060099023545133355,
        0.0024028896779888257,
        0.005983192620448928,
        0.002479135652866399
      ]
    },
    "2.4": {
      "means": [
        0.5287456981151251,
        0.12460637345956253,
        0.2833669272740938,
        0.20235413742034378,
        0.15249826325671872,
        0.23414521129006252,
        0.08343330989481249,
        0.24466129729328123
      ],
      "stds": [
        0.004960694593984071,
        0.0022965930395465674,
        0.00553308798185665,
        0.002542374204132988,
        0.0065526005568055795,
        0.002404722727530995,
        0.007880625959919516,
        0.0036693105107895078
      ]
    },
    "2.8": {
      "means": [
        0.5967114915882813,
        0.09664076352190623,
        0.3643229615187188,
        0.17520005622275003,
        0.2233128911120625,
        0.21703152855284374,
        0.14272182047728124,
        0.23428808144393745
      ],
      "stds": [
        0.005521449479378113,
        0.0020933677055545398,
        0.008230374441170581,
        0.002865088584838208,
        0.009320877061494582,
        0.0032763678466022675,
        0.010254246766359117,
        0.00432363526125917
      ]
    }
  },
  "acrossBeta": {
    "means": [
      0.5275153014282602,
      0.12507762399876046,
      0.2857509784350937,
      0.20010165569143745,
      0.1572556796903958,
      0.23168121490966673,
      0.09005501825736457,
      0.24229447868379153
    ],
    "stds": [
      0.05723306347581276,
      0.023545455831200258,
      0.06356049467366638,
      0.01967947968726204,
      0.05263011592571651,
      0.011423175057525206,
      0.04139582177886623,
      0.006826732974201876
    ]
  },
  "rawWithinBeta": {
    "2.0": {
      "componentCount": 41472,
      "meansSha256": "a48617cb77574fe225a06c09efc54712ad12777e141890fc7e516dd611a99d3a",
      "stdsSha256": "936d0e96aacac825046318dee3d4f3cb2e934354d23074f160eed616c343f4a6"
    },
    "2.4": {
      "componentCount": 41472,
      "meansSha256": "fee29cde2be02c9dfcde7d2a792f84fd9a8664f08209e391c8a7078634479b26",
      "stdsSha256": "3c5c3790b0723d6a78f41674ed843743b094725888016277c7a78fcd43bfd797"
    },
    "2.8": {
      "componentCount": 41472,
      "meansSha256": "905d402f0046f8ff440ffb746cad204c7bcd398adc8cf0243c45530c2a3d49b2",
      "stdsSha256": "32220ec227c1ac76bfd7ca2fe4fda48db584c110269fb97ae9257c219078c9c4"
    }
  },
  "rawAcrossBeta": {
    "componentCount": 41472,
    "meansSha256": "573d78466c65ac6ddbaa535269758ffeeb65fd22b13b38406221c77c31c62a9a",
    "stdsSha256": "80bb64c90082943eebc89b3c6dd3119e7b26bad07e136444f485bbae7c69326e"
  }
}
