k,r_k_median,r_k_median_passing,fidelity_coverage,incompat_fraction,mean_minority
10,0.01822860095809781,0.01822860095809781,1.0,0.03476,0.012317999999999999
15,0.022644853919794615,0.022644853919794615,1.0,0.05698,0.016404000000000002
20,0.027113259862723792,0.027113259862723792,1.0,0.06234,0.01958
25,0.0306379614720029,0.0306379614720029,1.0,0.06844,0.021308800000000003
30,0.032575914151624114,0.032575914151624114,1.0,0.06872,0.023232666666666665
40,0.03720990146435012,0.03720990146435012,1.0,0.08404,0.026356000000000004
50,0.04236703284297241,0.04236703284297241,1.0,0.09594,0.0306996
