epsilon,component,normalizedHolonomy,pointLimitTarget,absError,errorOverEpsilon
0.2,F_xz,-1.183201134947,-1.144255419023,0.038945715924,0.194728579619
0.1,F_xz,-1.16940513161,-1.144255419023,0.025149712587,0.251497125866
0.05,F_xz,-1.158232384991,-1.144255419023,0.013976965968,0.279539319362
0.025,F_xz,-1.151591620605,-1.144255419023,0.007336201582,0.293448063271
