objective,e_max,damp_fraction,powered,a_mm,knn_verdict,r2_objective_given_phiK,r2_permuted_control,estimator_ok
E_low,0.7343935035973128,0.3003,True,-0.0007922447820076239,STRICTNESS_WITNESS_POSITIVE,0.9955448395516037,-0.0011511051181347653,True
Z_low,1.1391485152903977,0.3001,True,0.0009681812635493626,STRICTNESS_WITNESS_POSITIVE,0.9998487104824515,-0.0008388103979191097,True
E_high,0.05941953284828016,0.29996,True,0.0,INCONCLUSIVE_CONVERGENCE,0.9947712935098516,-0.0010400885297210394,True
Z_high,0.406840653310321,0.29978,True,0.0032342655362152827,STRICTNESS_WITNESS_POSITIVE,0.9997745810257361,-0.001378214016322321,True
palinstrophy,6.19385748314239,0.30016,True,0.19494079649462925,PDE-C1-NEG-A,0.999951617436073,-0.0019213615362976277,True
top_shell,7.666357120919789e-08,0.30004,True,0.0,INCONCLUSIVE_CONVERGENCE,0.8770060064462433,-0.0013113898604881769,True
