{
  "smoke": true,
  "arms": {
    "b0_regc[hide]": {
      "substrate": "hide",
      "ladv": 0.0,
      "train_fit": 0.794524073600769,
      "d": {
        "1.0": {
          "logistic": 0.9987654320987656,
          "mlp": 1.0,
          "knn": 0.9000292904584353,
          "best": 1.0
        },
        "2.0": {
          "logistic": 1.0,
          "mlp": 0.9988095238095237,
          "knn": 0.9416255589686156,
          "best": 1.0
        }
      },
      "c": {
        "1.0": 0.8076597213745117,
        "2.0": 0.3128817558288574
      },
      "retention": 0.7193358324866616,
      "primary_r2": 0.8076597213745117,
      "min_d_best": 1.0
    },
    "b0_ret[hide]": {
      "substrate": "hide",
      "ladv": 0.0,
      "train_fit": 0.7829683423042297,
      "d": {
        "1.0": {
          "logistic": 1.0,
          "mlp": 1.0,
          "knn": 1.0,
          "best": 1.0
        },
        "2.0": {
          "logistic": 1.0,
          "mlp": 1.0,
          "knn": 1.0,
          "best": 1.0
        }
      },
      "c": {
        "1.0": 0.7967613101005554,
        "2.0": 0.30553197860717773
      },
      "retention": 0.7452500041540797,
      "primary_r2": 0.7967613101005554,
      "min_d_best": 1.0
    },
    "b0_regc[frozen]": {
      "substrate": "frozen",
      "ladv": 0.0,
      "train_fit": 0.7940176725387573,
      "d": {
        "1.0": {
          "logistic": 0.9987654320987656,
          "mlp": 0.9987654320987656,
          "knn": 0.9547646838580255,
          "best": 0.9987654320987656
        },
        "2.0": {
          "logistic": 0.9987951807228915,
          "mlp": 0.9987951807228915,
          "knn": 0.983378695918328,
          "best": 0.9987951807228915
        }
      },
      "c": {
        "1.0": 0.8010839939117431,
        "2.0": 0.33051233291625975
      },
      "retention": 0.7272447308160377,
      "primary_r2": 0.8010839939117431,
      "min_d_best": 0.9987654320987656
    },
    "b0_ret[frozen]": {
      "substrate": "frozen",
      "ladv": 0.0,
      "train_fit": 0.7791585922241211,
      "d": {
        "1.0": {
          "logistic": 1.0,
          "mlp": 1.0,
          "knn": 1.0,
          "best": 1.0
        },
        "2.0": {
          "logistic": 1.0,
          "mlp": 1.0,
          "knn": 1.0,
          "best": 1.0
        }
      },
      "c": {
        "1.0": 0.7985504508018494,
        "2.0": 0.30820680856704713
      },
      "retention": 0.7453218182510352,
      "primary_r2": 0.7985504508018494,
      "min_d_best": 1.0
    },
    "b0_rffonly[hide]": {
      "substrate": "hide",
      "ladv": 0.0,
      "train_fit": 0.8115546107292175,
      "d": {
        "1.0": {
          "logistic": 0.5114142629579492,
          "mlp": 0.47083461973860247,
          "knn": 0.4952186918277276,
          "best": 0.5114142629579492
        },
        "2.0": {
          "logistic": 0.5378061116647039,
          "mlp": 0.5332307356562271,
          "knn": 0.5183754155377491,
          "best": 0.5378061116647039
        }
      },
      "c": {
        "1.0": 0.8195696592330932,
        "2.0": 0.4150186896324158
      },
      "retention": 0.503737918747176,
      "primary_r2": 0.8195696592330932,
      "min_d_best": 0.5114142629579492
    },
    "A1_0.1[hide]": {
      "substrate": "hide",
      "ladv": 0.1,
      "train_fit": 0.7936439514160156,
      "d": {
        "1.0": {
          "logistic": 0.9110014698004818,
          "mlp": 0.9074679820691964,
          "knn": 0.5608359889722451,
          "best": 0.9110014698004818
        },
        "2.0": {
          "logistic": 0.8793877492197086,
          "mlp": 0.876875993378847,
          "knn": 0.5915392945671957,
          "best": 0.8793877492197086
        }
      },
      "c": {
        "1.0": 0.8017245054244995,
        "2.0": 0.3152825117111206
      },
      "retention": 0.6864588766663946,
      "primary_r2": 0.8017245054244995,
      "min_d_best": 0.8793877492197086,
      "guarded": true,
      "primary_need": 0.7576597213745117,
      "ret_need": 0.6693358324866615
    },
    "A2_0.1[hide]": {
      "substrate": "hide",
      "ladv": 0.1,
      "train_fit": 0.7736996412277222,
      "d": {
        "1.0": {
          "logistic": 1.0,
          "mlp": 1.0,
          "knn": 1.0,
          "best": 1.0
        },
        "2.0": {
          "logistic": 1.0,
          "mlp": 1.0,
          "knn": 1.0,
          "best": 1.0
        }
      },
      "c": {
        "1.0": 0.7938221335411072,
        "2.0": 0.31893296241760255
      },
      "retention": 0.7450006880585379,
      "primary_r2": 0.7938221335411072,
      "min_d_best": 1.0,
      "guarded": true,
      "primary_need": 0.7467613101005554,
      "ret_need": 0.6952500041540797
    },
    "A1_1.0[hide]": {
      "substrate": "hide",
      "ladv": 1.0,
      "train_fit": 0.7639248967170715,
      "d": {
        "1.0": {
          "logistic": 0.9912144310775576,
          "mlp": 0.993748451549213,
          "knn": 0.6807147399614211,
          "best": 0.993748451549213
        },
        "2.0": {
          "logistic": 0.9923784680759951,
          "mlp": 0.9923955562509779,
          "knn": 0.7907839148803003,
          "best": 0.9923955562509779
        }
      },
      "c": {
        "1.0": 0.7936789631843567,
        "2.0": 0.3015473008155823
      },
      "retention": 0.7067744839759754,
      "primary_r2": 0.7936789631843567,
      "min_d_best": 0.9923955562509779,
      "guarded": true,
      "primary_need": 0.7576597213745117,
      "ret_need": 0.6693358324866615
    },
    "A2_1.0[hide]": {
      "substrate": "hide",
      "ladv": 1.0,
      "train_fit": 0.7327061891555786,
      "d": {
        "1.0": {
          "logistic": 1.0,
          "mlp": 1.0,
          "knn": 0.9839471575501214,
          "best": 1.0
        },
        "2.0": {
          "logistic": 1.0,
          "mlp": 1.0,
          "knn": 0.9858822164941378,
          "best": 1.0
        }
      },
      "c": {
        "1.0": 0.80089191198349,
        "2.0": 0.3175645351409912
      },
      "retention": 0.7298057884732111,
      "primary_r2": 0.80089191198349,
      "min_d_best": 1.0,
      "guarded": true,
      "primary_need": 0.7467613101005554,
      "ret_need": 0.6952500041540797
    },
    "A1_10.0[hide]": {
      "substrate": "hide",
      "ladv": 10.0,
      "train_fit": 0.41332656145095825,
      "d": {
        "1.0": {
          "logistic": 0.9924802538623677,
          "mlp": 0.9912468587522616,
          "knn": 0.8197942074086975,
          "best": 0.9924802538623677
        },
        "2.0": {
          "logistic": 0.9926915454023888,
          "mlp": 0.9925976633807959,
          "knn": 0.8870788691334031,
          "best": 0.9926915454023888
        }
      },
      "c": {
        "1.0": 0.7503218412399292,
        "2.0": 0.21869206428527832
      },
      "retention": 0.6978972223305561,
      "primary_r2": 0.7503218412399292,
      "min_d_best": 0.9924802538623677,
      "guarded": false,
      "primary_need": 0.7576597213745117,
      "ret_need": 0.6693358324866615
    },
    "A2_10.0[hide]": {
      "substrate": "hide",
      "ladv": 10.0,
      "train_fit": 0.27031195163726807,
      "d": {
        "1.0": {
          "logistic": 0.9937009388486182,
          "mlp": 0.9924663709473837,
          "knn": 0.8841317988534207,
          "best": 0.9937009388486182
        },
        "2.0": {
          "logistic": 0.9948051948051948,
          "mlp": 0.9936147186147185,
          "knn": 0.9186611792350536,
          "best": 0.9948051948051948
        }
      },
      "c": {
        "1.0": 0.7231892704963684,
        "2.0": 0.17057114839553833
      },
      "retention": 0.7053317733763289,
      "primary_r2": 0.7231892704963684,
      "min_d_best": 0.9937009388486182,
      "guarded": false,
      "primary_need": 0.7467613101005554,
      "ret_need": 0.6952500041540797
    },
    "A1_0.1[frozen]": {
      "substrate": "frozen",
      "ladv": 0.1,
      "train_fit": 0.7864506244659424,