a,b,tier1,tier2,tier3
0,1,0.49675,0.5018333333333334,0.5353333333333333
0,2,0.498,0.49516666666666664,0.51125
1,0,0.4970833333333333,0.4935,0.5055833333333334
1,2,0.50175,0.49475,0.5029166666666667
2,0,0.5057499999999999,0.48033333333333333,0.51075
2,1,0.5014166666666666,0.5005000000000001,0.5151666666666668
