k,r_k_median,r_k_median_passing,fidelity_coverage,incompat_fraction,mean_minority
10,0.0182289834840276,0.0182289834840276,1.0,0.03486,0.012264
15,0.022653454931950846,0.022653454931950846,1.0,0.05664,0.016389333333333332
20,0.02711560793244263,0.02711560793244263,1.0,0.0622,0.019529
25,0.030634593074470383,0.030634593074470383,1.0,0.0684,0.021295200000000004
30,0.03257610702881244,0.03257610702881244,1.0,0.06868,0.023210666666666668
40,0.03720577744337189,0.03720577744337189,1.0,0.0834,0.026291500000000002
50,0.04237033120330658,0.04237033120330658,1.0,0.09616,0.030632399999999997
