seed,terminalOutcome,steps,terminalAlignment,terminalDistance,pathEfficiency,saturationCount
10000,timeout,200,0.04420984896617575,3.7462827700859544,0.9949071557634188,0
10001,timeout,200,0.6543609619774832,1.381460341699331,0.995864690703315,0
10002,timeout,200,0.2299840785769422,2.571741313225501,0.9977198322416234,0
10003,timeout,200,0.08376951703786098,3.3404471905356585,0.9923920918802901,0
10004,timeout,200,0.028584923051855372,3.999617656450807,0.9948219625644935,0
10005,timeout,200,0.5773231995377452,1.5722877095192769,0.9946046029983211,0
10006,timeout,200,0.5134740784288264,1.7319066919997739,0.9853717178924255,0
10007,timeout,200,0.831035819071354,0.9126175084118926,0.9999879064009248,0
