seed,terminalOutcome,steps,terminalAlignment,terminalDistance,pathEfficiency,saturationCount
10000,timeout,200,0.041764072479587966,3.7803088082785803,0.993979498265283,0
10001,timeout,200,0.6693212549305161,1.3441391653798072,0.9947626046912831,0
10002,timeout,200,0.23040752939754433,2.5701314206823893,0.9979234982126962,0
10003,timeout,200,0.07896150223283892,3.380026163300641,0.9915351229543671,0
10004,timeout,200,0.02878325084794879,3.9957261329552702,0.9948990696536416,0
10005,timeout,200,0.5569541228440815,1.6228757907822562,0.9956798792016415,0
10006,timeout,200,0.5175153535068043,1.721691721975049,0.9872480240940186,0
10007,timeout,200,0.8387952198614236,0.8894093851472481,0.9999962534937985,0
