seed,terminalOutcome,steps,terminalAlignment,terminalDistance,pathEfficiency,saturationCount
10000,timeout,200,0.044209477873319004,3.746287811438361,0.9949070960292026,0
10001,timeout,200,0.6543614417820509,1.381459147460686,0.9958648231642431,0
10002,timeout,200,0.22998369001388042,2.571742791377924,0.9977198018971949,0
10003,timeout,200,0.08376919105502639,3.340449811658063,0.9923920543133721,0
10004,timeout,200,0.028584587539313665,3.9996242594001137,0.9948219835594033,0
10005,timeout,200,0.5773241054462881,1.572285464005038,0.9946045102490997,0
10006,timeout,200,0.5134737741530585,1.7319074618511723,0.9853716370041639,0
10007,timeout,200,0.8310354230370952,0.9126186833271911,0.9999879187345401,0
