seed,terminalOutcome,steps,terminalAlignment,terminalDistance,pathEfficiency,saturationCount
10000,timeout,200,0.04176429365182415,3.7803056563088426,0.9939795356155909,0
10001,timeout,200,0.6693205597733016,1.344140903927643,0.9947625036042801,0
10002,timeout,200,0.23040728465044077,2.570132350608052,0.9979235238223052,0
10003,timeout,200,0.07896191796690422,3.380022658512683,0.9915351685669644,0
10004,timeout,200,0.028783404889556486,3.995723119366383,0.9948990667509435,0
10005,timeout,200,0.5569538894383771,1.6228763717998622,0.9956798878952764,0
10006,timeout,200,0.5175149216382181,1.7216928125500706,0.9872480564966454,0
10007,timeout,200,0.8387952579288515,0.8894092703375922,0.9999962540248443,0
