seed,terminalOutcome,steps,terminalAlignment,terminalDistance,pathEfficiency,saturationCount
10000,timeout,200,0.05792982817204276,3.580272736823218,0.9934793818053939,0
10001,timeout,200,0.6902729754782835,1.291513315247155,0.9777857285883785,0
10002,timeout,200,0.18698763172312735,2.746854131865824,0.9991301112444957,0
10003,timeout,200,0.1036954959732951,3.1934831596036783,0.9906507009099221,0
10004,timeout,200,0.036486711667758874,3.859874631202581,0.9954459302519341,0
10005,timeout,200,0.47323223551380095,1.8348734617535598,0.9975757191201701,0
10006,timeout,200,0.5341900537092709,1.679736940367319,0.9981248852947379,0
10007,timeout,200,0.9462435359938524,0.4986470439719929,0.9994770879211147,0
