beta,mean_kendall_tau,query_count
6.3,0.00752688172,32
6.55,0.031586021505,32
6.8,-0.002956989247,32
all,0.012051971326,96
