{
  "phase": "phase2",
  "phaseVersion": "v6a",
  "cell": "SU2_3D",
  "latticeSize": [
    12,
    12,
    4
  ],
  "temporalMu": 2,
  "betaSlate": [
    6.3,
    6.55,
    6.8
  ],
  "perBetaConfigurations": 32,
  "totalConfigurations": 96,
  "betaPilot": {
    "frozenAt": "2026-05-31T20:09:22.700Z",
    "literatureAnchor": {
      "betaC": 6.53661,
      "betaCUncertainty": 0.00013,
      "source": "Edwards-von Smekal 2009 arXiv:0908.4030",
      "convention": "beta=4/g^2 a"
    },
    "pilotGrid": [
      6,
      6.3,
      6.55,
      6.8,
      7.1,
      7.4,
      7.7,
      8
    ],
    "pilotScan": {
      "burnIn": 800,
      "measurements": 96,
      "thinning": 4,
      "selectionMetric": "order_suscept_abs_mean_P",
      "selectionMetricDefinition": "V_perp * Var(abs_mean_P) across pilot measurements; V_perp=12*12",
      "recordOnlyPriorMetric": "mean_chi_P"
    },
    "rows": [
      {
        "beta": 6,
        "betaKey": "6.0",
        "meanAbsMeanP": 0.3338503915667204,
        "meanMeanAbsP": 0.4690732579037342,
        "meanChiP": 0.16339626930631868,
        "orderSusceptAbsMeanP": 2.9008723930356246,
        "orderSusceptMeanAbsP": 0.47075185526992913,
        "varianceAbsMeanP": 0.020144947173858504,
        "varianceMeanAbsP": 0.0032691101060411745,
        "meanPlaquette": 0.8247675535055743,
        "heatbathFallbackFraction": 0,
        "heatbathLinkUpdates": 2045952
      },
      {
        "beta": 6.3,
        "betaKey": "6.3",
        "meanAbsMeanP": 0.35896851755130915,
        "meanMeanAbsP": 0.47659533918170577,
        "meanChiP": 0.15478403878115007,
        "orderSusceptAbsMeanP": 2.481619186293564,
        "orderSusceptMeanAbsP": 0.45821594427181256,
        "varianceAbsMeanP": 0.017233466571483082,
        "varianceMeanAbsP": 0.003182055168554254,
        "meanPlaquette": 0.8336891688965458,
        "heatbathFallbackFraction": 0,
        "heatbathLinkUpdates": 2045952
      },
      {
        "beta": 6.55,
        "betaKey": "6.55",
        "meanAbsMeanP": 0.3725123297297966,
        "meanMeanAbsP": 0.48931682819254085,
        "meanChiP": 0.15091045481578774,
        "orderSusceptAbsMeanP": 3.524815429122728,
        "orderSusceptMeanAbsP": 0.5542853532455619,
        "varianceAbsMeanP": 0.024477884924463386,
        "varianceMeanAbsP": 0.003849203841983069,
        "meanPlaquette": 0.8399255469872768,
        "heatbathFallbackFraction": 0,
        "heatbathLinkUpdates": 2045952
      },
      {
        "beta": 6.8,
        "betaKey": "6.8",
        "meanAbsMeanP": 0.42966712735805923,
        "meanMeanAbsP": 0.5079701508637785,
        "meanChiP": 0.13212160208551937,
        "orderSusceptAbsMeanP": 2.230297167038664,
        "orderSusceptMeanAbsP": 0.5728239533779819,
        "varianceAbsMeanP": 0.015488174771101834,
        "varianceMeanAbsP": 0.00397794412068043,
        "meanPlaquette": 0.8464327181542751,
        "heatbathFallbackFraction": 0,
        "heatbathLinkUpdates": 2045952
      },
      {
        "beta": 7.1,
        "betaKey": "7.1",
        "meanAbsMeanP": 0.46035469849308003,
        "meanMeanAbsP": 0.5259738792138021,
        "meanChiP": 0.12036302325378088,
        "orderSusceptAbsMeanP": 2.5431436531850116,
        "orderSusceptMeanAbsP": 0.7303411402253923,
        "varianceAbsMeanP": 0.017660719813784802,
        "varianceMeanAbsP": 0.0050718134737874464,
        "meanPlaquette": 0.8537761845468368,
        "heatbathFallbackFraction": 0,
        "heatbathLinkUpdates": 2045952
      },
      {
        "beta": 7.4,
        "betaKey": "7.4",
        "meanAbsMeanP": 0.465524734420724,
        "meanMeanAbsP": 0.5304829424549609,
        "meanChiP": 0.11626546059889122,
        "orderSusceptAbsMeanP": 3.300998921158528,
        "orderSusceptMeanAbsP": 0.9516697236610694,
        "varianceAbsMeanP": 0.022923603619156446,
        "varianceMeanAbsP": 0.006608817525424093,
        "meanPlaquette": 0.8602637880661606,
        "heatbathFallbackFraction": 0,
        "heatbathLinkUpdates": 2045952
      },
      {
        "beta": 7.7,
        "betaKey": "7.7",
        "meanAbsMeanP": 0.5154056553290155,
        "meanMeanAbsP": 0.559680944050733,
        "meanChiP": 0.10321386756014428,
        "orderSusceptAbsMeanP": 2.4612245086641185,
        "orderSusceptMeanAbsP": 0.8994383774696831,
        "varianceAbsMeanP": 0.017091836865723044,
        "varianceMeanAbsP": 0.006246099843539466,
        "meanPlaquette": 0.8652437814894198,
        "heatbathFallbackFraction": 0,
        "heatbathLinkUpdates": 2045952
      },
      {
        "beta": 8,
        "betaKey": "8.0",
        "meanAbsMeanP": 0.5158882548277534,
        "meanMeanAbsP": 0.5575043948018706,
        "meanChiP": 0.09977437147945985,
        "orderSusceptAbsMeanP": 2.296187237696746,
        "orderSusceptMeanAbsP": 0.7926463007711047,
        "varianceAbsMeanP": 0.015945744706227404,
        "varianceMeanAbsP": 0.005504488199799338,
        "meanPlaquette": 0.871303985699914,
        "heatbathFallbackFraction": 0,
        "heatbathLinkUpdates": 2045952
      }
    ],
    "peakIndex": 2,
    "peakBracketed": true,
    "frozenBetaSlate": [
      6.3,
      6.55,
      6.8
    ],
    "wallClockSeconds": 188.0212984
  },
  "signatureVocabularyVersion": "v1",
  "signatureSource": "finite_t_generated",
  "heldOutTargetVocabularyVersion": "v4",
  "heldOutTargetSummary": "abs_mean_P",
  "heldOutTargetCandidatePool": [
    "abs_mean_P",
    "mean_abs_P",
    "chi_P"
  ],
  "heldOutPriorTargetsReportedNotAdmissible": [
    "gamma_held"
  ],
  "heldOutTargetSampleCountPerConfig": 144,
  "heldOutPriorTargetSampleCountPerConfig": 1728,
  "splitRule": "transverse_site_parity",
  "powerGate": {
    "iccMin": 0.5,
    "agreementMin": 0.5
  },
  "leakageGate": {
    "cvR2Max": 0.25,
    "estimator": "5_fold_cv_ols_r2_numpy_default_rng_seed_0_fold_order"
  },
  "primarySelectionRule": "highest_mean_beta_icc_then_lowest_mean_leakage",
  "binConvention": "per_beta_tertile_linear",
  "distanceMetric": "euclidean_zscore",
  "kSlate": [
    3,
    5,
    10
  ],
  "primaryK": 5,
  "bootstrapResamples": 1000,
  "controlsScored": [
    "CTRL_META",
    "CTRL_RAW",
    "CTRL_RAND",
    "CTRL_RAND_STRAT",
    "CTRL_PERM",
    "CTRL_GAUGE_RAND"
  ],
  "controlsDeferred": [
    "CTRL_FINITE_SIZE"
  ],
  "v6EnsembleSources": [
    {
      "beta": 6.3,
      "betaKey": "6.3",
      "betaIndex": 0,
      "resultDir": "C:/Users/hughe/Dev/sundog/results/yang-mills/phase2/SU2_3D/2026-05-31_su2_3d_finite_t_polyakov_v6a/ensembles/beta6p3",
      "manifestCodeCommit": "def333ee0541ffc9280aec1baaf9879024fe1d7d",
      "manifestGitDirty": true,
      "summaryBranch": "P1-A ensemble_health_pass",
      "configsSha256": "c87e07d602554a3aaf4d6c7ff45fe3a0fedee7cdb9e8fbd88cf9239ffbbf160b",
      "signatureVectorsSha256": "e6b62131521a70f0cd38f2940f71c56159d04fce868f21672faf3af858e0cc7d",
      "polyakovSummarySha256": "2365a6d2d2bb66f4c4a9eff735a0639257a3a252f3b8e8d42518557b7e00f6c5"
    },
    {
      "beta": 6.55,
      "betaKey": "6.55",
      "betaIndex": 1,
      "resultDir": "C:/Users/hughe/Dev/sundog/results/yang-mills/phase2/SU2_3D/2026-05-31_su2_3d_finite_t_polyakov_v6a/ensembles/beta6p55",
      "manifestCodeCommit": "def333ee0541ffc9280aec1baaf9879024fe1d7d",
      "manifestGitDirty": true,
      "summaryBranch": "P1-A ensemble_health_pass",
      "configsSha256": "3473f13fd1c1bef83d17482677e59d30eda19d8700e2a084d2f6ba5b7e272565",
      "signatureVectorsSha256": "1c8ebd9c04ffa78bca413de702d576768c4cd30f493eb56894f7459f298f344d",
      "polyakovSummarySha256": "92d5a373ec07ba94d6de7e548ce65240e03c67fa82d5a08584ae2e9229ca16a7"
    },
    {
      "beta": 6.8,
      "betaKey": "6.8",
      "betaIndex": 2,
      "resultDir": "C:/Users/hughe/Dev/sundog/results/yang-mills/phase2/SU2_3D/2026-05-31_su2_3d_finite_t_polyakov_v6a/ensembles/beta6p8",
      "manifestCodeCommit": "def333ee0541ffc9280aec1baaf9879024fe1d7d",
      "manifestGitDirty": true,