{
  "seed": 202605310600,
  "gaugeRandSeedTag": "phase2_v6_finite_t_aggregation",
  "gaugeTransformsPerConfig": 1,
  "tolerance": 1e-12,
  "polyakovGaugeResidualMax": 4.440892098500626e-16,
  "perTargetMaxResidual": {
    "abs_mean_P": 3.3306690738754696e-16,
    "mean_abs_P": 2.220446049250313e-16,
    "chi_P": 4.440892098500626e-16
  }
}
