{
  "distanceMetric": "euclidean_zscore",
  "signatureVocabularyVersion": "v1",
  "signatureSource": "finite_t_generated",
  "signatureDimension": 8,
  "signatureKeys": [
    "W11_mean",
    "W11_var",
    "W12_mean",
    "W12_var",
    "W13_mean",
    "W13_var",
    "W22_mean",
    "W22_var"
  ],
  "withinBeta": {
    "6.3": {
      "means": [
        0.8338992285194876,
        0.01793021346173445,
        0.7131881699382091,
        0.047393048076479885,
        0.6145219366276863,
        0.07816248753380256,
        0.5480056376139593,
        0.10236870472438245
      ],
      "stds": [
        0.003041745734973427,
        0.0012238962832174472,
        0.005772023887905373,
        0.0020837763104033613,
        0.00777825012166667,
        0.002869751998128334,
        0.012107325655025328,
        0.005603232831595732
      ]
    },
    "6.55": {
      "means": [
        0.8400453845480783,
        0.016622250488276858,
        0.7223715516423034,
        0.044372471899138406,
        0.6253017139046007,
        0.07401340056717935,
        0.557848927490864,
        0.09717424043468362
      ],
      "stds": [
        0.005039727326725823,
        0.0011683119017725728,
        0.00941332640145261,
        0.002953322496648083,
        0.013486604489285988,
        0.0048275427862344645,
        0.0172903469209231,
        0.007724769606910002
      ]
    },
    "6.8": {
      "means": [
        0.847865366499261,
        0.014916696252076304,
        0.7356904539862952,
        0.040610214716789036,
        0.6432708963367909,
        0.06898848738942194,
        0.5778676241524662,
        0.090862818472307
      ],
      "stds": [
        0.0027504894370234205,
        0.0008255488978844435,
        0.005130131592894821,
        0.0017448718591327515,
        0.00845731240493541,
        0.0033640479538964,
        0.01189697723280124,
        0.0050311058010240215
      ]
    }
  },
  "acrossBeta": {
    "means": [
      0.8406033265222755,
      0.01648972006736255,
      0.7237500585222691,
      0.04412524489746911,
      0.6276981822896925,
      0.0737214584968013,
      0.5612407297524297,
      0.0968019212104577
    ],
    "stds": [
      0.006836415110564491,
      0.0016443230876613609,
      0.011608503196381577,
      0.003614964788394624,
      0.015660797574192156,
      0.005324986669874786,
      0.018710131857065566,
      0.007805573881441548
    ]
  },
  "rawWithinBeta": {
    "6.3": {
      "componentCount": 13824,
      "meansSha256": "62f45c86c625f13e32af22adf16a5abc67646b24e720b76be331413724d3a87d",
      "stdsSha256": "ff9e1975393d18a2e29033bdbbb2a0ea2f18c4e4d0542e6bf24004f8218814d7"
    },
    "6.55": {
      "componentCount": 13824,
      "meansSha256": "e1a5a911f0155a6f5b0352cb67b277f4cc6f09dc375c4b5b76ecd74079d21341",
      "stdsSha256": "c636c166ce0710c6c5b0b2d07711ad63cc6d0f7d931087a10a68bc56b1ae7a14"
    },
    "6.8": {
      "componentCount": 13824,
      "meansSha256": "26bfd42a88c760028a8d3daed583479f700612c9d8dfe73586ba04a4c9ef0ed5",
      "stdsSha256": "c40f310279227b9319bee28ea0d0eb0246a7d6ad97ecda71f3aac56cf47ea5a1"
    }
  },
  "rawAcrossBeta": {
    "componentCount": 13824,
    "meansSha256": "c92ac27b920079b9cf76819da0e56d0101a51f62c1e79e44ae38866f6fdec2a0",
    "stdsSha256": "af8d4bbc5142a74071a5c5bac86a4f856fea98ce4e33ac6a94ffcf9b2e266610"
  }
}
