k,r_k_median,r_k_median_passing,fidelity_coverage,incompat_fraction,mean_minority
10,0.019768962253369743,0.019768962253369743,1.0,0.03652,0.011988
15,0.025396660742562735,0.025396660742562735,1.0,0.04816,0.014876000000000002
20,0.03068510225920272,0.03068510225920272,1.0,0.04936,0.016936999999999997
25,0.03264642963777811,0.03264642963777811,1.0,0.06076,0.0190904
30,0.03554333705578931,0.03554333705578931,1.0,0.0667,0.021318666666666666
40,0.04220096451531333,0.04220096451531333,1.0,0.076,0.024364499999999997
50,0.04694113235465999,0.04694113235465999,1.0,0.08498,0.027021600000000003
