{
  "seed": 202605310205,
  "gaugeRandSeedTag": "phase2_v5_aggregation",
  "gaugeTransformsPerConfig": 1,
  "tolerance": 1e-12,
  "polyakovGaugeResidualMax": 1.6653345369377348e-16,
  "perTargetMaxResidual": {
    "abs_mean_P": 5.551115123125783e-17,
    "mean_abs_P": 1.6653345369377348e-16,
    "chi_P": 1.1102230246251565e-16
  }
}
