beta,mean_kendall_tau,query_count
2.0,0.00376344086,32
2.4,-0.024731182796,32
2.8,-0.007123655914,32
all,-0.009363799283,96
