{
  "distanceMetric": "euclidean_zscore",
  "signatureVocabularyVersion": "v4",
  "withinBeta": {
    "2.0": {
      "means": [
        0.9785910660962444,
        0.0007622411601136796,
        0.9266521514759537,
        0.005771673878810595,
        0.8629998493144466,
        0.01600741024058367,
        0.7622759764109627,
        0.041561471143735
      ],
      "stds": [
        0.0017035283249681654,
        0.00031838633624968335,
        0.005201115576554687,
        0.0013040946040448309,
        0.0090063934826206,
        0.0026627166375380283,
        0.01442281344832647,
        0.005315740065003305
      ]
    },
    "2.4": {
      "means": [
        0.9826653211970225,
        0.000535670585905472,
        0.9397583815582267,
        0.004132950787983158,
        0.8859311228297198,
        0.011748778480096193,
        0.8001447423620663,
        0.031587491758657896
      ],
      "stds": [
        0.0012568159632521767,
        0.0001668120371214559,
        0.004050505096351209,
        0.0008120928250489204,
        0.007264987697289149,
        0.0018851786123340133,
        0.012129862855242082,
        0.0043830793383042065
      ]
    },
    "2.8": {
      "means": [
        0.9868692032464975,
        0.0002972288772442912,
        0.9534012756967287,
        0.0025031478876741675,
        0.9100579728850894,
        0.0075595158574086885,
        0.8407164185555476,
        0.02134424243966176
      ],
      "stds": [
        0.0011032102869900423,
        0.00014906571746195084,
        0.0036167979363466657,
        0.0007219614667251718,
        0.0066131092288736594,
        0.001682248204521088,
        0.011136774333458404,
        0.003975380592419629
      ]
    }
  },
  "acrossBeta": {
    "means": [
      0.9827085301799215,
      0.0005317135410878143,
      0.9399372695769695,
      0.00413592418482264,
      0.8863296483430853,
      0.011771901526029513,
      0.8010457124428587,
      0.03149773511401822
    ],
    "stds": [
      0.003649897072490109,
      0.0002941419169249127,
      0.01175223732973276,
      0.0016555996085236588,
      0.020697021640418863,
      0.004047969823724712,
      0.03443277491845876,
      0.009445499464443811
    ]
  },
  "rawWithinBeta": {
    "2.0": {
      "componentCount": 41472,
      "meansSha256": "a48617cb77574fe225a06c09efc54712ad12777e141890fc7e516dd611a99d3a",
      "stdsSha256": "936d0e96aacac825046318dee3d4f3cb2e934354d23074f160eed616c343f4a6"
    },
    "2.4": {
      "componentCount": 41472,
      "meansSha256": "fee29cde2be02c9dfcde7d2a792f84fd9a8664f08209e391c8a7078634479b26",
      "stdsSha256": "3c5c3790b0723d6a78f41674ed843743b094725888016277c7a78fcd43bfd797"
    },
    "2.8": {
      "componentCount": 41472,
      "meansSha256": "905d402f0046f8ff440ffb746cad204c7bcd398adc8cf0243c45530c2a3d49b2",
      "stdsSha256": "32220ec227c1ac76bfd7ca2fe4fda48db584c110269fb97ae9257c219078c9c4"
    }
  },
  "rawAcrossBeta": {
    "componentCount": 41472,
    "meansSha256": "573d78466c65ac6ddbaa535269758ffeeb65fd22b13b38406221c77c31c62a9a",
    "stdsSha256": "80bb64c90082943eebc89b3c6dd3119e7b26bad07e136444f485bbae7c69326e"
  }
}
